{
  "registry_futureVaultCount": "uint256:futureVaultCount",
  "registry_getFutureVaultAt": "function getFutureVaultAt(uint256 _index) returns (address futureVault)",
  "registry_getIBTAddress": "address:getIBTAddress",
  "ammregistry_getFutureAMMPool": "function getFutureAMMPool(address _futureVaultAddress ) returns (address _futureAMMPoolAddress )",
  "futurevault_STAKED_TOKEN": "address:STAKED_TOKEN",
  "futurevault_getPTAddress": "address:getPTAddress",
  "ammPool_getFYTAddress": "address:getFYTAddress",
  "ammPool_getFutureAddress": "address:getFutureAddress",
  "ammPool_getIBTAddress": "address:getIBTAddress",
  "ammPool_getPTAddress": "address:getPTAddress",
  "ammPool_getPoolTokenAddress": "address:getPoolTokenAddress",
  "ammPool_getUnderlyingOfIBTAddress": "address:getUnderlyingOfIBTAddress",
  "ammPool_getPairWithID_BAD_OUTPUT_ABI": "function getPairWithID(uint256 id) returns (address tokenAddress , uint256[2] weights , uint256[2] balances , bool liquidityIsInitialized )"
}