{
  "glbDebtVal": "uint256:glbDebtVal",
  "totalETH": "uint256:totalETH",
  "reservePool": "uint256:reservePool",
  "balanceOf": "function balanceOf(address account) view returns (uint256)",
  "totalSupply": "uint256:totalSupply",
  "pendingSushi": "function pendingSushi(uint256 _pid, address _user) view returns (uint256)",
  "userInfo": "function userInfo(uint256, address) view returns (uint256 amount, uint256 rewardDebt)",
  "getETHPx": "function getETHPx(address token) view returns (uint256)",
  "lpToken": "address:lpToken"
}