{
    "getTokenPrice": "function getTokenPrice(address _token) view returns (uint256)",
    "getGlpPrice": "function getGlpPrice(bool _isBuying) view returns (uint256 price)",
    "borrowedRewardPool": "address:borrowedRewardPool",
    "supplyRewardPool": "address:supplyRewardPool",
    "workingBalance": "function workingBalance(address[] _vaults) view returns (address[], uint256[])",
    "borrowedBalance": "function borrowedBalance(address[] _vaults) view returns (address[], uint256[])",
    "lockedBalance": "function lockedBalance(address[] _vaults) view returns (address[], uint256[])",
    "debtBalance": "function debtBalance(address[] _vaults) view returns (address[], uint256[])"
  }